               epoch,      train/box_loss,      train/obj_loss,      train/cls_loss,   metrics/precision,      metrics/recall,     metrics/mAP_0.5,metrics/mAP_0.5:0.95,        val/box_loss,        val/obj_loss,        val/cls_loss,               x/lr0,               x/lr1,               x/lr2
                   0,             0.10433,             0.15417,                   0,           0.0034959,             0.34294,            0.004985,           0.0009027,            0.087527,             0.10723,                   0,           0.0033121,           0.0033121,            0.070191
                   1,             0.08718,            0.082229,                   0,             0.11854,             0.23368,            0.065553,            0.012567,            0.070089,             0.06665,                   0,           0.0044524,           0.0044524,            0.037998
                   2,            0.078636,            0.058103,                   0,              0.1801,             0.29976,             0.11272,             0.02152,            0.065772,            0.056049,                   0,           0.0033928,           0.0033928,           0.0036051
