               epoch,      train/box_loss,      train/obj_loss,      train/cls_loss,   metrics/precision,      metrics/recall,     metrics/mAP_0.5,metrics/mAP_0.5:0.95,        val/box_loss,        val/obj_loss,        val/cls_loss,               x/lr0,               x/lr1,               x/lr2
                   0,                   0,              0.1202,                   0,          0.00049383,                 0.5,           0.0045932,          0.00058973,            0.057396,            0.070268,                   0,            0.003312,            0.003312,            0.070192
                   1,                   0,            0.028304,                   0,          2.6455e-05,            0.035714,          1.7459e-05,          1.7459e-06,            0.060319,            0.015567,                   0,           0.0053295,           0.0053295,            0.038877
                   2,                   0,           0.0073791,                   0,                   0,                   0,                   0,                   0,             0.06054,           0.0072634,                   0,           0.0060271,           0.0060271,           0.0062408
                   3,                   0,           0.0031686,                   0,                   0,                   0,                   0,                   0,            0.058705,           0.0055535,                   0,             0.00406,             0.00406,             0.00406
                   4,                   0,           0.0018932,                   0,                   0,                   0,                   0,                   0,            0.059003,           0.0048309,                   0,             0.00406,             0.00406,             0.00406
