               epoch,      train/box_loss,      train/obj_loss,      train/cls_loss,   metrics/precision,      metrics/recall,     metrics/mAP_0.5,metrics/mAP_0.5:0.95,        val/box_loss,        val/obj_loss,        val/cls_loss,               x/lr0,               x/lr1,               x/lr2
                   0,                   0,             0.10117,                   0,          0.00071429,             0.52941,          0.00098486,          0.00015983,            0.076943,             0.04075,                   0,           0.0033201,           0.0033201,            0.070119
                   1,                   0,            0.015464,                   0,          0.00029138,            0.043478,          0.00015375,          4.1661e-05,            0.080716,            0.014001,                   0,           0.0044578,           0.0044578,            0.037923
                   2,                   0,           0.0049227,                   0,                   0,                   0,                   0,                   0,            0.082426,            0.010543,                   0,           0.0033955,           0.0033955,           0.0035278
